id_inventario,id_club,anio,mes,dias_abierto_mes,slots_disponibles_mes,slots_reservados_mes,slots_libres_mes,pct_ocupacion,green_fee_promedio_ponderado_mxn,pct_discrepancia_inventario,casos_discrepancia_mes
INV000001,CLB001,2023,1,28,2240,1483,757,0.6624,2142.86,0.0184,27
INV000002,CLB002,2023,1,28,1120,719,401,0.6428,1314.29,0.0493,35
INV000003,CLB003,2023,1,28,1120,647,473,0.5782,585.71,0.027,17
INV000004,CLB004,2023,1,32,2560,1520,1040,0.594,1228.57,0.0661,100
INV000005,CLB005,2023,1,28,2240,1453,787,0.6491,3000.0,0.0285,41
INV000006,CLB006,2023,1,28,2240,1381,859,0.6169,3928.57,0.0565,78
INV000007,CLB007,2023,1,28,1120,670,450,0.5983,1314.29,0.0147,9
INV000008,CLB008,2023,1,28,2240,1184,1056,0.5289,2785.71,0.0703,83
INV000009,CLB009,2023,1,28,2240,1173,1067,0.5237,2085.71,0.0707,82
INV000010,CLB010,2023,1,28,2240,1121,1119,0.5008,1700.0,0.067,75
INV000011,CLB011,2023,1,32,2560,1996,564,0.78,6000.0,0.0415,82
INV000012,CLB012,2023,1,32,2560,2035,525,0.7951,3428.57,0.0372,75
INV000013,CLB013,2023,1,32,2560,1583,977,0.6185,4785.71,0.0539,85
INV000014,CLB014,2023,1,32,2560,1616,944,0.6313,8571.43,0.0117,18
INV000015,CLB015,2023,1,32,2560,1363,1197,0.5326,2785.71,0.0672,91
INV000016,CLB016,2023,1,28,2240,1150,1090,0.5137,6571.43,0.0312,35
INV000017,CLB017,2023,1,28,2240,1422,818,0.6351,4285.71,0.0245,34
INV000018,CLB018,2023,1,28,2240,1203,1037,0.5375,5571.43,0.0522,62
INV000019,CLB019,2023,1,32,2560,2045,515,0.799,8928.57,0.0754,154
INV000020,CLB001,2023,2,24,1920,748,1172,0.3896,2142.86,0.0683,51
INV000021,CLB002,2023,2,24,960,407,553,0.4245,1314.29,0.0384,15
INV000022,CLB003,2023,2,24,960,498,462,0.5188,585.71,0.0785,39
INV000023,CLB004,2023,2,28,2240,1147,1093,0.5121,1228.57,0.0662,75
INV000024,CLB005,2023,2,24,1920,817,1103,0.4257,3000.0,0.0494,40
INV000025,CLB006,2023,2,24,1920,996,924,0.5189,3928.57,0.0497,49
INV000026,CLB007,2023,2,24,960,435,525,0.4536,1314.29,0.0715,31
INV000027,CLB008,2023,2,24,1920,835,1085,0.4353,2785.71,0.0346,28
INV000028,CLB009,2023,2,24,1920,733,1187,0.3822,2085.71,0.0676,49
INV000029,CLB010,2023,2,24,1920,1002,918,0.522,1700.0,0.0103,10
INV000030,CLB011,2023,2,28,2240,1169,1071,0.5222,6000.0,0.0185,21
INV000031,CLB012,2023,2,28,2240,1491,749,0.6657,3428.57,0.028,41
INV000032,CLB013,2023,2,28,2240,1260,980,0.5629,4785.71,0.021,26
INV000033,CLB014,2023,2,28,2240,1445,795,0.6453,8571.43,0.0731,105
INV000034,CLB015,2023,2,28,2240,1133,1107,0.5062,2785.71,0.0203,22
INV000035,CLB016,2023,2,24,1920,1009,911,0.5257,6571.43,0.0634,63
INV000036,CLB017,2023,2,24,1920,790,1130,0.4119,4285.71,0.0794,62
INV000037,CLB018,2023,2,24,1920,807,1113,0.4206,5571.43,0.065,52
INV000038,CLB019,2023,2,28,2240,1328,912,0.5929,8928.57,0.0646,85
INV000039,CLB001,2023,3,28,2240,1127,1113,0.5033,2142.86,0.0189,21
INV000040,CLB002,2023,3,28,1120,740,380,0.6614,1314.29,0.0359,26
INV000041,CLB003,2023,3,28,1120,698,422,0.6238,585.71,0.0458,31
INV000042,CLB004,2023,3,32,2560,1651,909,0.6451,1228.57,0.0709,117
INV000043,CLB005,2023,3,28,2240,1177,1063,0.5255,3000.0,0.0364,42
INV000044,CLB006,2023,3,28,2240,1336,904,0.5966,3928.57,0.0693,92
INV000045,CLB007,2023,3,28,1120,660,460,0.59,1314.29,0.016,10
INV000046,CLB008,2023,3,28,2240,1134,1106,0.5065,2785.71,0.032,36
INV000047,CLB009,2023,3,28,2240,1155,1085,0.5159,2085.71,0.0331,38
INV000048,CLB010,2023,3,28,2240,1297,943,0.5792,1700.0,0.0165,21
INV000049,CLB011,2023,3,32,2560,2009,551,0.785,6000.0,0.0519,104
INV000050,CLB012,2023,3,32,2560,1848,712,0.722,3428.57,0.0787,145
INV000051,CLB013,2023,3,32,2560,1834,726,0.7168,4785.71,0.045,82
INV000052,CLB014,2023,3,32,2560,1539,1021,0.6013,8571.43,0.0702,108
INV000053,CLB015,2023,3,32,2560,1706,854,0.6667,2785.71,0.0194,33
INV000054,CLB016,2023,3,28,2240,1304,936,0.5823,6571.43,0.0105,13
INV000055,CLB017,2023,3,28,2240,1313,927,0.5863,4285.71,0.0251,32
INV000056,CLB018,2023,3,28,2240,1279,961,0.5713,5571.43,0.0338,43
INV000057,CLB019,2023,3,32,2560,1873,687,0.732,8928.57,0.0487,91
INV000058,CLB001,2023,4,28,2240,1311,929,0.5857,2142.86,0.0418,54
INV000059,CLB002,2023,4,28,1120,660,460,0.5899,1314.29,0.0526,34
INV000060,CLB003,2023,4,28,1120,762,358,0.6804,585.71,0.0739,56
INV000061,CLB004,2023,4,32,2560,1697,863,0.6631,1228.57,0.0467,79
INV000062,CLB005,2023,4,28,2240,1488,752,0.6647,3000.0,0.0677,100
INV000063,CLB006,2023,4,28,2240,1512,728,0.6751,3928.57,0.0567,85
INV000064,CLB007,2023,4,28,1120,642,478,0.5734,1314.29,0.0523,33
INV000065,CLB008,2023,4,28,2240,1357,883,0.6058,2785.71,0.0174,23
INV000066,CLB009,2023,4,28,2240,1532,708,0.6843,2085.71,0.0657,100
INV000067,CLB010,2023,4,28,2240,1291,949,0.5764,1700.0,0.0128,16
INV000068,CLB011,2023,4,32,2560,1934,626,0.7556,6000.0,0.0228,44
INV000069,CLB012,2023,4,32,2560,1761,799,0.6881,3428.57,0.0697,122
INV000070,CLB013,2023,4,32,2560,1594,966,0.6229,4785.71,0.0628,100
INV000071,CLB014,2023,4,32,2560,1827,733,0.7138,8571.43,0.0253,46
INV000072,CLB015,2023,4,32,2560,1476,1084,0.5767,2785.71,0.0228,33
INV000073,CLB016,2023,4,28,2240,1426,814,0.6367,6571.43,0.0719,102
INV000074,CLB017,2023,4,28,2240,1549,691,0.6916,4285.71,0.0204,31
INV000075,CLB018,2023,4,28,2240,1234,1006,0.5513,5571.43,0.0652,80
INV000076,CLB019,2023,4,32,2560,1854,706,0.7243,8928.57,0.0676,125
INV000077,CLB001,2023,5,28,2240,1580,660,0.7054,2142.86,0.0207,32
INV000078,CLB002,2023,5,28,1120,931,189,0.8317,1314.29,0.0674,62
INV000079,CLB003,2023,5,28,1120,912,208,0.8148,585.71,0.023,20
INV000080,CLB004,2023,5,32,2560,1858,702,0.7258,1228.57,0.0374,69
INV000081,CLB005,2023,5,28,2240,1572,668,0.7018,3000.0,0.0676,106
INV000082,CLB006,2023,5,28,2240,1686,554,0.753,3928.57,0.074,124
INV000083,CLB007,2023,5,28,1120,839,281,0.7492,1314.29,0.0567,47
INV000084,CLB008,2023,5,28,2240,1791,449,0.7996,2785.71,0.0168,30
INV000085,CLB009,2023,5,28,2240,1518,722,0.678,2085.71,0.0417,63
INV000086,CLB010,2023,5,28,2240,1603,637,0.7159,1700.0,0.062,99
INV000087,CLB011,2023,5,32,2560,2004,556,0.7831,6000.0,0.0414,82
INV000088,CLB012,2023,5,32,2560,2276,284,0.8894,3428.57,0.0116,26
INV000089,CLB013,2023,5,32,2560,2292,268,0.8955,4785.71,0.0343,78
INV000090,CLB014,2023,5,32,2560,2033,527,0.7944,8571.43,0.0756,153
INV000091,CLB015,2023,5,32,2560,1996,564,0.7799,2785.71,0.0105,20
INV000092,CLB016,2023,5,28,2240,1527,713,0.6817,6571.43,0.0717,109
INV000093,CLB017,2023,5,28,2240,1530,710,0.6833,4285.71,0.0632,96
INV000094,CLB018,2023,5,28,2240,1559,681,0.6961,5571.43,0.0133,20
INV000095,CLB019,2023,5,32,2560,2373,187,0.9271,8928.57,0.0427,101
INV000096,CLB001,2023,6,28,2240,1483,757,0.6622,2142.86,0.0526,78
INV000097,CLB002,2023,6,28,1120,731,389,0.6535,1314.29,0.0401,29
INV000098,CLB003,2023,6,28,1120,856,264,0.7645,585.71,0.0567,48
INV000099,CLB004,2023,6,32,2560,1770,790,0.6915,1228.57,0.059,104
INV000100,CLB005,2023,6,28,2240,1495,745,0.6677,3000.0,0.0508,75
INV000101,CLB006,2023,6,28,2240,1878,362,0.8388,3928.57,0.0549,103
INV000102,CLB007,2023,6,28,1120,757,363,0.6759,1314.29,0.0374,28
INV000103,CLB008,2023,6,28,2240,1452,788,0.6483,2785.71,0.0582,84
INV000104,CLB009,2023,6,28,2240,1705,535,0.7613,2085.71,0.063,107
INV000105,CLB010,2023,6,28,2240,1789,451,0.7987,1700.0,0.0321,57
INV000106,CLB011,2023,6,32,2560,2125,435,0.8304,6000.0,0.077,163
INV000107,CLB012,2023,6,32,2560,2023,537,0.7904,3428.57,0.0771,155
INV000108,CLB013,2023,6,32,2560,1939,621,0.7577,4785.71,0.0478,92
INV000109,CLB014,2023,6,32,2560,2019,541,0.7888,8571.43,0.0211,42
INV000110,CLB015,2023,6,32,2560,2011,549,0.7857,2785.71,0.0411,82
INV000111,CLB016,2023,6,28,2240,1641,599,0.7328,6571.43,0.03,49
INV000112,CLB017,2023,6,28,2240,1797,443,0.8023,4285.71,0.064,115
INV000113,CLB018,2023,6,28,2240,1880,360,0.8394,5571.43,0.0256,48
INV000114,CLB019,2023,6,32,2560,2332,228,0.9112,8928.57,0.0793,184
INV000115,CLB001,2023,7,28,2240,1607,633,0.7178,2142.86,0.0668,107
INV000116,CLB002,2023,7,28,1120,735,385,0.6564,1314.29,0.0553,40
INV000117,CLB003,2023,7,28,1120,821,299,0.733,585.71,0.0168,13
INV000118,CLB004,2023,7,32,2560,2109,451,0.8241,1228.57,0.0666,140
INV000119,CLB005,2023,7,28,2240,1707,533,0.7623,3000.0,0.0777,132
INV000120,CLB006,2023,7,28,2240,1476,764,0.6592,3928.57,0.0795,117
INV000121,CLB007,2023,7,28,1120,925,195,0.8265,1314.29,0.0136,12
INV000122,CLB008,2023,7,28,2240,1617,623,0.7219,2785.71,0.0714,115
INV000123,CLB009,2023,7,28,2240,1877,363,0.8381,2085.71,0.0793,148
INV000124,CLB010,2023,7,28,2240,1535,705,0.6856,1700.0,0.0208,31
INV000125,CLB011,2023,7,32,2560,2027,533,0.7919,6000.0,0.0762,154
INV000126,CLB012,2023,7,32,2560,1921,639,0.7504,3428.57,0.0394,75
INV000127,CLB013,2023,7,32,2560,2029,531,0.7926,4785.71,0.0149,30
INV000128,CLB014,2023,7,32,2560,2093,467,0.8179,8571.43,0.0562,117
INV000129,CLB015,2023,7,32,2560,1813,747,0.7084,2785.71,0.0207,37
INV000130,CLB016,2023,7,28,2240,1730,510,0.7725,6571.43,0.048,83
INV000131,CLB017,2023,7,28,2240,1573,667,0.7022,4285.71,0.0608,95
INV000132,CLB018,2023,7,28,2240,1871,369,0.8356,5571.43,0.0685,128
INV000133,CLB019,2023,7,32,2560,2358,202,0.9212,8928.57,0.0316,74
INV000134,CLB001,2023,8,28,2240,1731,509,0.7728,2142.86,0.0543,93
INV000135,CLB002,2023,8,28,1120,831,289,0.7426,1314.29,0.0734,60
INV000136,CLB003,2023,8,28,1120,896,224,0.8004,585.71,0.0292,26
INV000137,CLB004,2023,8,32,2560,1734,826,0.6775,1228.57,0.0278,48
INV000138,CLB005,2023,8,28,2240,1552,688,0.6929,3000.0,0.0105,16
INV000139,CLB006,2023,8,28,2240,1532,708,0.6842,3928.57,0.071,108
INV000140,CLB007,2023,8,28,1120,924,196,0.8257,1314.29,0.0183,16
INV000141,CLB008,2023,8,28,2240,1700,540,0.7591,2785.71,0.0198,33
INV000142,CLB009,2023,8,28,2240,1540,700,0.6877,2085.71,0.0465,71
INV000143,CLB010,2023,8,28,2240,1623,617,0.7248,1700.0,0.0275,44
INV000144,CLB011,2023,8,32,2560,2115,445,0.8265,6000.0,0.0254,53
INV000145,CLB012,2023,8,32,2560,2303,257,0.9,3428.57,0.031,71
INV000146,CLB013,2023,8,32,2560,2054,506,0.8025,4785.71,0.0283,58
INV000147,CLB014,2023,8,32,2560,1926,634,0.7525,8571.43,0.0369,71
INV000148,CLB015,2023,8,32,2560,1988,572,0.7766,2785.71,0.074,147
INV000149,CLB016,2023,8,28,2240,1571,669,0.7017,6571.43,0.0597,93
INV000150,CLB017,2023,8,28,2240,1832,408,0.818,4285.71,0.049,89
INV000151,CLB018,2023,8,28,2240,1492,748,0.6662,5571.43,0.0793,118
INV000152,CLB019,2023,8,32,2560,2347,213,0.9172,8928.57,0.0623,146
INV000153,CLB001,2023,9,28,2240,1413,827,0.6309,2142.86,0.0568,80
INV000154,CLB002,2023,9,28,1120,655,465,0.585,1314.29,0.0713,46
INV000155,CLB003,2023,9,28,1120,687,433,0.614,585.71,0.0446,30
INV000156,CLB004,2023,9,32,2560,1433,1127,0.5598,1228.57,0.0643,92
INV000157,CLB005,2023,9,28,2240,1236,1004,0.5521,3000.0,0.0556,68
INV000158,CLB006,2023,9,28,2240,1123,1117,0.5014,3928.57,0.0682,76
INV000159,CLB007,2023,9,28,1120,742,378,0.6633,1314.29,0.0691,51
INV000160,CLB008,2023,9,28,2240,1289,951,0.5759,2785.71,0.0496,63
INV000161,CLB009,2023,9,28,2240,1162,1078,0.5188,2085.71,0.0315,36
INV000162,CLB010,2023,9,28,2240,1381,859,0.6169,1700.0,0.0428,59
INV000163,CLB011,2023,9,32,2560,1739,821,0.6794,6000.0,0.0789,137
INV000164,CLB012,2023,9,32,2560,1849,711,0.7225,3428.57,0.0252,46
INV000165,CLB013,2023,9,32,2560,1929,631,0.7539,4785.71,0.0621,119
INV000166,CLB014,2023,9,32,2560,1902,658,0.7432,8571.43,0.0341,64
INV000167,CLB015,2023,9,32,2560,1569,991,0.613,2785.71,0.0578,90
INV000168,CLB016,2023,9,28,2240,1523,717,0.6803,6571.43,0.0791,120
INV000169,CLB017,2023,9,28,2240,1324,916,0.5915,4285.71,0.0433,57
INV000170,CLB018,2023,9,28,2240,1368,872,0.6111,5571.43,0.0545,74
INV000171,CLB019,2023,9,32,2560,1789,771,0.6991,8928.57,0.0658,117
INV000172,CLB001,2023,10,28,2240,1150,1090,0.5136,2142.86,0.0483,55
INV000173,CLB002,2023,10,28,1120,724,396,0.6465,1314.29,0.0446,32
INV000174,CLB003,2023,10,28,1120,699,421,0.6247,585.71,0.0145,10
INV000175,CLB004,2023,10,32,2560,1330,1230,0.5195,1228.57,0.0736,97
INV000176,CLB005,2023,10,28,2240,1559,681,0.6963,3000.0,0.0347,54
INV000177,CLB006,2023,10,28,2240,1320,920,0.5895,3928.57,0.0217,28
INV000178,CLB007,2023,10,28,1120,766,354,0.6846,1314.29,0.0456,34
INV000179,CLB008,2023,10,28,2240,1388,852,0.6198,2785.71,0.0226,31
INV000180,CLB009,2023,10,28,2240,1458,782,0.651,2085.71,0.0632,92
INV000181,CLB010,2023,10,28,2240,1337,903,0.5972,1700.0,0.0517,69
INV000182,CLB011,2023,10,32,2560,1781,779,0.696,6000.0,0.0177,31
INV000183,CLB012,2023,10,32,2560,1753,807,0.685,3428.57,0.0291,51
INV000184,CLB013,2023,10,32,2560,1543,1017,0.6029,4785.71,0.0666,102
INV000185,CLB014,2023,10,32,2560,2034,526,0.7946,8571.43,0.0408,82
INV000186,CLB015,2023,10,32,2560,1456,1104,0.5691,2785.71,0.038,55
INV000187,CLB016,2023,10,28,2240,1281,959,0.572,6571.43,0.0652,83
INV000188,CLB017,2023,10,28,2240,1210,1030,0.5405,4285.71,0.0333,40
INV000189,CLB018,2023,10,28,2240,1561,679,0.6971,5571.43,0.0667,104
INV000190,CLB019,2023,10,32,2560,1623,937,0.6341,8928.57,0.0485,78
INV000191,CLB001,2023,11,28,2240,1201,1039,0.5366,2142.86,0.033,39
INV000192,CLB002,2023,11,28,1120,530,590,0.4741,1314.29,0.0665,35
INV000193,CLB003,2023,11,28,1120,602,518,0.538,585.71,0.0327,19
INV000194,CLB004,2023,11,32,2560,1043,1517,0.4075,1228.57,0.0729,76
INV000195,CLB005,2023,11,28,2240,1045,1195,0.4666,3000.0,0.0566,59
INV000196,CLB006,2023,11,28,2240,943,1297,0.4212,3928.57,0.0152,14
INV000197,CLB007,2023,11,28,1120,490,630,0.438,1314.29,0.0574,28
INV000198,CLB008,2023,11,28,2240,1161,1079,0.5184,2785.71,0.0515,59
INV000199,CLB009,2023,11,28,2240,1162,1078,0.519,2085.71,0.0522,60
INV000200,CLB010,2023,11,28,2240,976,1264,0.4358,1700.0,0.0107,10
INV000201,CLB011,2023,11,32,2560,1374,1186,0.5369,6000.0,0.0417,57
INV000202,CLB012,2023,11,32,2560,1365,1195,0.5336,3428.57,0.0344,46
INV000203,CLB013,2023,11,32,2560,1269,1291,0.4961,4785.71,0.0224,28
INV000204,CLB014,2023,11,32,2560,1502,1058,0.587,8571.43,0.0654,98
INV000205,CLB015,2023,11,32,2560,1247,1313,0.4874,2785.71,0.056,69
INV000206,CLB016,2023,11,28,2240,1052,1188,0.4699,6571.43,0.074,77
INV000207,CLB017,2023,11,28,2240,1136,1104,0.5074,4285.71,0.0333,37
INV000208,CLB018,2023,11,28,2240,963,1277,0.4301,5571.43,0.0766,73
INV000209,CLB019,2023,11,32,2560,1651,909,0.6449,8928.57,0.0161,26
INV000210,CLB001,2023,12,28,2240,1614,626,0.7207,2142.86,0.0629,101
INV000211,CLB002,2023,12,28,1120,874,246,0.7806,1314.29,0.0307,26
INV000212,CLB003,2023,12,28,1120,912,208,0.8143,585.71,0.0781,71
INV000213,CLB004,2023,12,32,2560,1646,914,0.6431,1228.57,0.0302,49
INV000214,CLB005,2023,12,28,2240,1666,574,0.744,3000.0,0.0747,124
INV000215,CLB006,2023,12,28,2240,1872,368,0.8361,3928.57,0.0521,97
INV000216,CLB007,2023,12,28,1120,850,270,0.7595,1314.29,0.0716,60
INV000217,CLB008,2023,12,28,2240,1652,588,0.7379,2785.71,0.0446,73
INV000218,CLB009,2023,12,28,2240,1837,403,0.8204,2085.71,0.0667,122
INV000219,CLB010,2023,12,28,2240,1712,528,0.7644,1700.0,0.0211,36
INV000220,CLB011,2023,12,32,2560,2384,176,0.9315,6000.0,0.0719,171
INV000221,CLB012,2023,12,32,2560,2188,372,0.8549,3428.57,0.0498,108
INV000222,CLB013,2023,12,32,2560,2276,284,0.8894,4785.71,0.0683,155
INV000223,CLB014,2023,12,32,2560,2332,228,0.911,8571.43,0.0355,82
INV000224,CLB015,2023,12,32,2560,1669,891,0.6522,2785.71,0.019,31
INV000225,CLB016,2023,12,28,2240,1773,467,0.7916,6571.43,0.0264,46
INV000226,CLB017,2023,12,28,2240,1781,459,0.7953,4285.71,0.0565,100
INV000227,CLB018,2023,12,28,2240,1561,679,0.6969,5571.43,0.0443,69
INV000228,CLB019,2023,12,32,2560,2117,443,0.8273,8928.57,0.0206,43
INV000229,CLB001,2024,1,28,2240,1306,934,0.5833,2142.86,0.0557,72
INV000230,CLB002,2024,1,28,1120,690,430,0.6169,1314.29,0.0363,25
INV000231,CLB003,2024,1,28,1120,593,527,0.5303,585.71,0.0105,6
INV000232,CLB004,2024,1,32,2560,1541,1019,0.6021,1228.57,0.0248,38
INV000233,CLB005,2024,1,28,2240,1466,774,0.6547,3000.0,0.0176,25
INV000234,CLB006,2024,1,28,2240,1496,744,0.668,3928.57,0.0195,29
INV000235,CLB007,2024,1,28,1120,762,358,0.6809,1314.29,0.0374,28
INV000236,CLB008,2024,1,28,2240,1466,774,0.6546,2785.71,0.0455,66
INV000237,CLB009,2024,1,28,2240,1185,1055,0.5291,2085.71,0.0764,90
INV000238,CLB010,2024,1,28,2240,1190,1050,0.5315,1700.0,0.0597,71
INV000239,CLB011,2024,1,32,2560,1734,826,0.6775,6000.0,0.0532,92
INV000240,CLB012,2024,1,32,2560,1644,916,0.6424,3428.57,0.0258,42
INV000241,CLB013,2024,1,32,2560,1714,846,0.6699,4785.71,0.0151,25
INV000242,CLB014,2024,1,32,2560,1661,899,0.6491,8571.43,0.058,96
INV000243,CLB015,2024,1,32,2560,1416,1144,0.5533,2785.71,0.0733,103
INV000244,CLB016,2024,1,28,2240,1473,767,0.6578,6571.43,0.0789,116
INV000245,CLB017,2024,1,28,2240,1202,1038,0.5366,4285.71,0.0651,78
INV000246,CLB018,2024,1,28,2240,1389,851,0.6204,5571.43,0.0194,26
INV000247,CLB019,2024,1,32,2560,1646,914,0.6432,8928.57,0.0346,56
INV000248,CLB001,2024,2,24,1920,802,1118,0.4182,2142.86,0.0242,19
INV000249,CLB002,2024,2,24,960,391,569,0.4076,1314.29,0.0515,20
INV000250,CLB003,2024,2,24,960,418,542,0.4363,585.71,0.0622,25
INV000251,CLB004,2024,2,28,2240,1122,1118,0.5012,1228.57,0.0704,78
INV000252,CLB005,2024,2,24,1920,734,1186,0.3826,3000.0,0.0461,33
INV000253,CLB006,2024,2,24,1920,852,1068,0.4441,3928.57,0.0608,51
INV000254,CLB007,2024,2,24,960,491,469,0.5117,1314.29,0.0348,17
INV000255,CLB008,2024,2,24,1920,880,1040,0.4588,2785.71,0.012,10
INV000256,CLB009,2024,2,24,1920,785,1135,0.4092,2085.71,0.0444,34
INV000257,CLB010,2024,2,24,1920,841,1079,0.4381,1700.0,0.0699,58
INV000258,CLB011,2024,2,28,2240,1343,897,0.5996,6000.0,0.0461,61
INV000259,CLB012,2024,2,28,2240,1133,1107,0.506,3428.57,0.0503,56
INV000260,CLB013,2024,2,28,2240,1175,1065,0.5248,4785.71,0.0211,24
INV000261,CLB014,2024,2,28,2240,1197,1043,0.5347,8571.43,0.0538,64
INV000262,CLB015,2024,2,28,2240,922,1318,0.4116,2785.71,0.0159,14
INV000263,CLB016,2024,2,24,1920,748,1172,0.3901,6571.43,0.0685,51
INV000264,CLB017,2024,2,24,1920,1025,895,0.5342,4285.71,0.0758,77
INV000265,CLB018,2024,2,24,1920,807,1113,0.4205,5571.43,0.0228,18
INV000266,CLB019,2024,2,28,2240,1177,1063,0.5255,8928.57,0.052,61
INV000267,CLB001,2024,3,28,2240,1564,676,0.6984,2142.86,0.0283,44
INV000268,CLB002,2024,3,28,1120,742,378,0.6631,1314.29,0.0339,25
INV000269,CLB003,2024,3,28,1120,694,426,0.6198,585.71,0.0151,10
INV000270,CLB004,2024,3,32,2560,1626,934,0.6352,1228.57,0.0404,65
INV000271,CLB005,2024,3,28,2240,1238,1002,0.5529,3000.0,0.0738,91
INV000272,CLB006,2024,3,28,2240,1381,859,0.6167,3928.57,0.0531,73
INV000273,CLB007,2024,3,28,1120,778,342,0.6947,1314.29,0.0367,28
INV000274,CLB008,2024,3,28,2240,1329,911,0.5935,2785.71,0.0259,34
INV000275,CLB009,2024,3,28,2240,1520,720,0.6786,2085.71,0.0254,38
INV000276,CLB010,2024,3,28,2240,1359,881,0.6069,1700.0,0.0165,22
INV000277,CLB011,2024,3,32,2560,2005,555,0.7834,6000.0,0.0645,129
INV000278,CLB012,2024,3,32,2560,1672,888,0.6532,3428.57,0.0689,115
INV000279,CLB013,2024,3,32,2560,1695,865,0.6622,4785.71,0.0386,65
INV000280,CLB014,2024,3,32,2560,1594,966,0.623,8571.43,0.0426,67
INV000281,CLB015,2024,3,32,2560,1789,771,0.6991,2785.71,0.0201,35
INV000282,CLB016,2024,3,28,2240,1332,908,0.595,6571.43,0.0593,78
INV000283,CLB017,2024,3,28,2240,1196,1044,0.534,4285.71,0.0461,55
INV000284,CLB018,2024,3,28,2240,1475,765,0.6585,5571.43,0.0161,23
INV000285,CLB019,2024,3,32,2560,1668,892,0.6517,8928.57,0.0684,114
INV000286,CLB001,2024,4,28,2240,1144,1096,0.511,2142.86,0.0758,86
INV000287,CLB002,2024,4,28,1120,681,439,0.6085,1314.29,0.073,49
INV000288,CLB003,2024,4,28,1120,690,430,0.6165,585.71,0.0287,19
INV000289,CLB004,2024,4,32,2560,1426,1134,0.5572,1228.57,0.0491,70
INV000290,CLB005,2024,4,28,2240,1426,814,0.6368,3000.0,0.0594,84
INV000291,CLB006,2024,4,28,2240,1428,812,0.6379,3928.57,0.0441,62
INV000292,CLB007,2024,4,28,1120,687,433,0.6139,1314.29,0.0705,48
INV000293,CLB008,2024,4,28,2240,1280,960,0.5716,2785.71,0.0514,65
INV000294,CLB009,2024,4,28,2240,1558,682,0.6956,2085.71,0.0513,79
INV000295,CLB010,2024,4,28,2240,1169,1071,0.5219,1700.0,0.067,78
INV000296,CLB011,2024,4,32,2560,1787,773,0.6984,6000.0,0.0453,80
INV000297,CLB012,2024,4,32,2560,1629,931,0.6365,3428.57,0.0795,129
INV000298,CLB013,2024,4,32,2560,1943,617,0.7592,4785.71,0.0731,142
INV000299,CLB014,2024,4,32,2560,1693,867,0.6615,8571.43,0.0532,90
INV000300,CLB015,2024,4,32,2560,1695,865,0.6622,2785.71,0.0245,41
INV000301,CLB016,2024,4,28,2240,1197,1043,0.5347,6571.43,0.0222,26
INV000302,CLB017,2024,4,28,2240,1327,913,0.5927,4285.71,0.0486,64
INV000303,CLB018,2024,4,28,2240,1468,772,0.6557,5571.43,0.0389,57
INV000304,CLB019,2024,4,32,2560,1669,891,0.6522,8928.57,0.0165,27
INV000305,CLB001,2024,5,28,2240,1589,651,0.7096,2142.86,0.0158,25
INV000306,CLB002,2024,5,28,1120,908,212,0.8111,1314.29,0.0192,17
INV000307,CLB003,2024,5,28,1120,906,214,0.8092,585.71,0.0456,41
INV000308,CLB004,2024,5,32,2560,2140,420,0.8363,1228.57,0.0359,76
INV000309,CLB005,2024,5,28,2240,1873,367,0.8363,3000.0,0.0352,65
INV000310,CLB006,2024,5,28,2240,1492,748,0.6662,3928.57,0.061,91
INV000311,CLB007,2024,5,28,1120,759,361,0.6781,1314.29,0.0785,59
INV000312,CLB008,2024,5,28,2240,1866,374,0.8331,2785.71,0.0318,59
INV000313,CLB009,2024,5,28,2240,1565,675,0.699,2085.71,0.044,68
INV000314,CLB010,2024,5,28,2240,1569,671,0.7007,1700.0,0.0772,121
INV000315,CLB011,2024,5,32,2560,2227,333,0.87,6000.0,0.0435,96
INV000316,CLB012,2024,5,32,2560,2135,425,0.8341,3428.57,0.05,106
INV000317,CLB013,2024,5,32,2560,1958,602,0.7652,4785.71,0.0117,22
INV000318,CLB014,2024,5,32,2560,2252,308,0.8799,8571.43,0.0782,176
INV000319,CLB015,2024,5,32,2560,1887,673,0.7372,2785.71,0.0694,130
INV000320,CLB016,2024,5,28,2240,1569,671,0.7007,6571.43,0.0522,81
INV000321,CLB017,2024,5,28,2240,1464,776,0.6536,4285.71,0.0498,72
INV000322,CLB018,2024,5,28,2240,1643,597,0.7336,5571.43,0.0455,74
INV000323,CLB019,2024,5,32,2560,2183,377,0.8529,8928.57,0.053,115
INV000324,CLB001,2024,6,28,2240,1690,550,0.7548,2142.86,0.0453,76
INV000325,CLB002,2024,6,28,1120,737,383,0.6587,1314.29,0.0313,23
INV000326,CLB003,2024,6,28,1120,848,272,0.7574,585.71,0.0102,8
INV000327,CLB004,2024,6,32,2560,2060,500,0.8049,1228.57,0.0465,95
INV000328,CLB005,2024,6,28,2240,1670,570,0.7459,3000.0,0.0741,123
INV000329,CLB006,2024,6,28,2240,1449,791,0.6471,3928.57,0.0616,89
INV000330,CLB007,2024,6,28,1120,734,386,0.6554,1314.29,0.0779,57
INV000331,CLB008,2024,6,28,2240,1546,694,0.6905,2785.71,0.0289,44
INV000332,CLB009,2024,6,28,2240,1833,407,0.8185,2085.71,0.0174,31
INV000333,CLB010,2024,6,28,2240,1491,749,0.6659,1700.0,0.0341,50
INV000334,CLB011,2024,6,32,2560,2284,276,0.8923,6000.0,0.013,29
INV000335,CLB012,2024,6,32,2560,2242,318,0.8759,3428.57,0.0319,71
INV000336,CLB013,2024,6,32,2560,1940,620,0.7582,4785.71,0.0744,144
INV000337,CLB014,2024,6,32,2560,2052,508,0.8019,8571.43,0.012,24
INV000338,CLB015,2024,6,32,2560,2106,454,0.8227,2785.71,0.0408,85
INV000339,CLB016,2024,6,28,2240,1459,781,0.6516,6571.43,0.0637,92
INV000340,CLB017,2024,6,28,2240,1863,377,0.8319,4285.71,0.0123,22
INV000341,CLB018,2024,6,28,2240,1726,514,0.7706,5571.43,0.0783,135
INV000342,CLB019,2024,6,32,2560,2359,201,0.9216,8928.57,0.016,37
INV000343,CLB001,2024,7,28,2240,1780,460,0.7948,2142.86,0.0412,73
INV000344,CLB002,2024,7,28,1120,816,304,0.7286,1314.29,0.0598,48
INV000345,CLB003,2024,7,28,1120,760,360,0.6792,585.71,0.0116,8
INV000346,CLB004,2024,7,32,2560,2063,497,0.8062,1228.57,0.0387,79
INV000347,CLB005,2024,7,28,2240,1608,632,0.7181,3000.0,0.0393,63
INV000348,CLB006,2024,7,28,2240,1572,668,0.7018,3928.57,0.0283,44
INV000349,CLB007,2024,7,28,1120,888,232,0.7929,1314.29,0.0434,38
INV000350,CLB008,2024,7,28,2240,1738,502,0.776,2785.71,0.0778,135
INV000351,CLB009,2024,7,28,2240,1591,649,0.7103,2085.71,0.046,73
INV000352,CLB010,2024,7,28,2240,1477,763,0.6597,1700.0,0.0114,16
INV000353,CLB011,2024,7,32,2560,2125,435,0.8303,6000.0,0.0112,23
INV000354,CLB012,2024,7,32,2560,2030,530,0.7931,3428.57,0.0594,120
INV000355,CLB013,2024,7,32,2560,2277,283,0.8896,4785.71,0.0451,102
INV000356,CLB014,2024,7,32,2560,2383,177,0.931,8571.43,0.0157,37
INV000357,CLB015,2024,7,32,2560,2027,533,0.7919,2785.71,0.0666,134
INV000358,CLB016,2024,7,28,2240,1710,530,0.7636,6571.43,0.043,73
INV000359,CLB017,2024,7,28,2240,1813,427,0.8095,4285.71,0.0638,115
INV000360,CLB018,2024,7,28,2240,1879,361,0.839,5571.43,0.0791,148
INV000361,CLB019,2024,7,32,2560,2323,237,0.9077,8928.57,0.0126,29
INV000362,CLB001,2024,8,28,2240,1827,413,0.8157,2142.86,0.0517,94
INV000363,CLB002,2024,8,28,1120,813,307,0.7259,1314.29,0.0244,19
INV000364,CLB003,2024,8,28,1120,875,245,0.7818,585.71,0.0274,23
INV000365,CLB004,2024,8,32,2560,1850,710,0.7227,1228.57,0.0619,114
INV000366,CLB005,2024,8,28,2240,1715,525,0.7658,3000.0,0.039,66
INV000367,CLB006,2024,8,28,2240,1588,652,0.709,3928.57,0.0742,117
INV000368,CLB007,2024,8,28,1120,926,194,0.8274,1314.29,0.028,25
INV000369,CLB008,2024,8,28,2240,1466,774,0.6546,2785.71,0.0678,99
INV000370,CLB009,2024,8,28,2240,1626,614,0.7261,2085.71,0.0416,67
INV000371,CLB010,2024,8,28,2240,1798,442,0.803,1700.0,0.0543,97
INV000372,CLB011,2024,8,32,2560,1909,651,0.7459,6000.0,0.0154,29
INV000373,CLB012,2024,8,32,2560,1916,644,0.7486,3428.57,0.0405,77
INV000374,CLB013,2024,8,32,2560,2291,269,0.8952,4785.71,0.0498,114
INV000375,CLB014,2024,8,32,2560,2163,397,0.8451,8571.43,0.048,103
INV000376,CLB015,2024,8,32,2560,1896,664,0.7407,2785.71,0.0385,72
INV000377,CLB016,2024,8,28,2240,1581,659,0.7059,6571.43,0.0353,55
INV000378,CLB017,2024,8,28,2240,1616,624,0.7218,4285.71,0.0275,44
INV000379,CLB018,2024,8,28,2240,1492,748,0.6665,5571.43,0.0128,19
INV000380,CLB019,2024,8,32,2560,2056,504,0.8033,8928.57,0.0203,41
INV000381,CLB001,2024,9,28,2240,1136,1104,0.5073,2142.86,0.0312,35
INV000382,CLB002,2024,9,28,1120,713,407,0.637,1314.29,0.0373,26
INV000383,CLB003,2024,9,28,1120,609,511,0.5443,585.71,0.0127,7
INV000384,CLB004,2024,9,32,2560,1618,942,0.6321,1228.57,0.0101,16
INV000385,CLB005,2024,9,28,2240,1471,769,0.6569,3000.0,0.0722,106
INV000386,CLB006,2024,9,28,2240,1359,881,0.6067,3928.57,0.0573,77
INV000387,CLB007,2024,9,28,1120,725,395,0.6478,1314.29,0.0713,51
INV000388,CLB008,2024,9,28,2240,1463,777,0.6532,2785.71,0.0417,61
INV000389,CLB009,2024,9,28,2240,1330,910,0.5941,2085.71,0.029,38
INV000390,CLB010,2024,9,28,2240,1417,823,0.6327,1700.0,0.061,86
INV000391,CLB011,2024,9,32,2560,1615,945,0.6309,6000.0,0.0312,50
INV000392,CLB012,2024,9,32,2560,1883,677,0.7357,3428.57,0.0519,97
INV000393,CLB013,2024,9,32,2560,1868,692,0.7298,4785.71,0.0584,109
INV000394,CLB014,2024,9,32,2560,1577,983,0.6163,8571.43,0.0349,55
INV000395,CLB015,2024,9,32,2560,1693,867,0.6615,2785.71,0.0178,30
INV000396,CLB016,2024,9,28,2240,1234,1006,0.551,6571.43,0.063,77
INV000397,CLB017,2024,9,28,2240,1447,793,0.646,4285.71,0.0338,48
INV000398,CLB018,2024,9,28,2240,1552,688,0.6929,5571.43,0.0286,44
INV000399,CLB019,2024,9,32,2560,1601,959,0.6256,8928.57,0.0509,81
INV000400,CLB001,2024,10,28,2240,1296,944,0.5787,2142.86,0.036,46
INV000401,CLB002,2024,10,28,1120,741,379,0.6618,1314.29,0.0473,35
INV000402,CLB003,2024,10,28,1120,737,383,0.6582,585.71,0.0742,54
INV000403,CLB004,2024,10,32,2560,1594,966,0.6229,1228.57,0.0793,126
INV000404,CLB005,2024,10,28,2240,1450,790,0.6474,3000.0,0.0423,61
INV000405,CLB006,2024,10,28,2240,1553,687,0.6934,3928.57,0.0287,44
INV000406,CLB007,2024,10,28,1120,715,405,0.6386,1314.29,0.0333,23
INV000407,CLB008,2024,10,28,2240,1172,1068,0.5233,2785.71,0.0267,31
INV000408,CLB009,2024,10,28,2240,1488,752,0.6645,2085.71,0.0229,34
INV000409,CLB010,2024,10,28,2240,1352,888,0.604,1700.0,0.0383,51
INV000410,CLB011,2024,10,32,2560,1884,676,0.7362,6000.0,0.0173,32
INV000411,CLB012,2024,10,32,2560,1661,899,0.6489,3428.57,0.0389,64
INV000412,CLB013,2024,10,32,2560,1663,897,0.6496,4785.71,0.0563,93
INV000413,CLB014,2024,10,32,2560,1995,565,0.7794,8571.43,0.0223,44
INV000414,CLB015,2024,10,32,2560,1599,961,0.6248,2785.71,0.0181,28
INV000415,CLB016,2024,10,28,2240,1185,1055,0.5291,6571.43,0.0124,14
INV000416,CLB017,2024,10,28,2240,1233,1007,0.5508,4285.71,0.0131,16
INV000417,CLB018,2024,10,28,2240,1330,910,0.5939,5571.43,0.0131,17
INV000418,CLB019,2024,10,32,2560,1745,815,0.6819,8928.57,0.0201,35
INV000419,CLB001,2024,11,28,2240,999,1241,0.4463,2142.86,0.0575,57
INV000420,CLB002,2024,11,28,1120,443,677,0.3959,1314.29,0.0209,9
INV000421,CLB003,2024,11,28,1120,452,668,0.4039,585.71,0.0125,5
INV000422,CLB004,2024,11,32,2560,1169,1391,0.4568,1228.57,0.0196,22
INV000423,CLB005,2024,11,28,2240,946,1294,0.4225,3000.0,0.0633,59
INV000424,CLB006,2024,11,28,2240,1269,971,0.5669,3928.57,0.051,64
INV000425,CLB007,2024,11,28,1120,471,649,0.4213,1314.29,0.0151,7
INV000426,CLB008,2024,11,28,2240,895,1345,0.3998,2785.71,0.0702,62
INV000427,CLB009,2024,11,28,2240,1101,1139,0.4917,2085.71,0.0708,77
INV000428,CLB010,2024,11,28,2240,1216,1024,0.5432,1700.0,0.0766,93
INV000429,CLB011,2024,11,32,2560,1546,1014,0.604,6000.0,0.0392,60
INV000430,CLB012,2024,11,32,2560,1324,1236,0.5175,3428.57,0.0794,105
INV000431,CLB013,2024,11,32,2560,1563,997,0.6106,4785.71,0.0675,105
INV000432,CLB014,2024,11,32,2560,1439,1121,0.5622,8571.43,0.0238,34
INV000433,CLB015,2024,11,32,2560,1116,1444,0.436,2785.71,0.0155,17
INV000434,CLB016,2024,11,28,2240,913,1327,0.4076,6571.43,0.0267,24
INV000435,CLB017,2024,11,28,2240,1147,1093,0.5121,4285.71,0.0597,68
INV000436,CLB018,2024,11,28,2240,1016,1224,0.4536,5571.43,0.0218,22
INV000437,CLB019,2024,11,32,2560,1493,1067,0.5833,8928.57,0.0658,98
INV000438,CLB001,2024,12,28,2240,1605,635,0.7169,2142.86,0.0364,58
INV000439,CLB002,2024,12,28,1120,829,291,0.7406,1314.29,0.0678,56
INV000440,CLB003,2024,12,28,1120,915,205,0.8178,585.71,0.0642,58
INV000441,CLB004,2024,12,32,2560,1653,907,0.646,1228.57,0.0584,96
INV000442,CLB005,2024,12,28,2240,1491,749,0.6659,3000.0,0.0584,87
INV000443,CLB006,2024,12,28,2240,1831,409,0.8176,3928.57,0.0347,63
INV000444,CLB007,2024,12,28,1120,811,309,0.7242,1314.29,0.0195,15
INV000445,CLB008,2024,12,28,2240,1732,508,0.7736,2785.71,0.0153,26
INV000446,CLB009,2024,12,28,2240,1622,618,0.7245,2085.71,0.0648,105
INV000447,CLB010,2024,12,28,2240,1791,449,0.7999,1700.0,0.0497,89
INV000448,CLB011,2024,12,32,2560,2139,421,0.8359,6000.0,0.0685,146
INV000449,CLB012,2024,12,32,2560,1898,662,0.7416,3428.57,0.0256,48
INV000450,CLB013,2024,12,32,2560,2380,180,0.93,4785.71,0.0551,131
INV000451,CLB014,2024,12,32,2560,2392,168,0.9347,8571.43,0.0149,35
INV000452,CLB015,2024,12,32,2560,1950,610,0.7621,2785.71,0.0347,67
INV000453,CLB016,2024,12,28,2240,1488,752,0.6644,6571.43,0.0288,42
INV000454,CLB017,2024,12,28,2240,1680,560,0.7504,4285.71,0.0714,119
INV000455,CLB018,2024,12,28,2240,1835,405,0.8195,5571.43,0.0649,119
INV000456,CLB019,2024,12,32,2560,1973,587,0.7709,8928.57,0.0324,63
